ItemID,ItemName,SerialNumber,ItemType,IsCheckedOut,IsRemoved
1,et commodo,4789837025,Mic,0,0
2,non velit,6246234364,Camera Stand,0,0
3,tortor risus dapibus,2874118680,Mic,0,0
4,mus,9635355416,Laptop,0,0
5,faucibus,1047237784,Phone Stand,0,0
6,augue,7434634766,Mic,0,0
7,ante,7062444588,Camera,0,0
8,in hac habitasse,2026267987,Mic,0,0
9,tempus semper est,378035363,Mic,0,0
10,amet,1350790699,Laptop,0,0
11,volutpat erat quisque,8872317142,Mic,0,0
12,nunc,6592345861,Camera,0,0
13,libero,315838728,Laptop,0,0
14,et ultrices posuere,2798210607,Camera Stand,0,0
15,quam sapien varius,7673236583,Mic,0,0
16,consequat,3592334042,Camera Stand,0,0
17,ultrices posuere,3733134214,Camera Stand,0,0
18,ac diam cras,9863437786,Camera,0,0
19,ullamcorper augue a,6636004614,Mic,0,0
20,aliquet maecenas,7804998481,Camera Stand,0,0
21,volutpat eleifend donec,4674414024,Phone Stand,0,0
22,et tempus,8902456978,Mic,0,0
23,ut massa,4739018306,Camera,0,0
24,orci luctus,913240443,Laptop,0,0
25,urna,7089266648,Mic,0,0
26,metus,6290518992,Camera,0,0
27,sagittis,3309812383,Camera,0,0
28,tempor turpis,5209053555,Camera Stand,0,0
29,in,2356929711,Laptop,0,0
30,id lobortis,967859778,Mic,0,0
31,eu,3187351786,Camera,0,0
32,ut odio cras,4032431531,Camera,0,0
33,eleifend,8179457028,Camera Stand,0,0
34,curae mauris,7238961717,Mic,0,0
35,vehicula consequat morbi,7576788631,Camera,0,0
36,aliquet,3517638951,Camera Stand,0,0
37,auctor sed,2153555671,Mic,0,0
38,vitae,9913270006,Camera Stand,0,0
39,ut rhoncus aliquet,1155071859,Camera Stand,0,0
40,nunc,7735673248,Laptop,0,0
41,quam,5897138060,Phone Stand,0,0
42,diam,2200885830,Mic,0,0
43,adipiscing molestie hendrerit,7365264985,Mic,0,0
44,ante,1424363535,Camera Stand,0,0
45,at vulputate vitae,9747373726,Camera Stand,0,0
46,lacinia sapien quis,4400497674,Laptop,0,0
47,felis,172092698,Phone Stand,0,0
48,dictumst aliquam augue,6105168950,Camera,0,0
49,diam erat,1779476639,Camera,0,0
50,consequat,9613487948,Camera Stand,0,0
51,luctus rutrum nulla,2199538532,Mic,0,0
52,mauris eget massa,460214837,Mic,0,0
53,amet cursus id,5774033430,Camera,0,0
54,tempus vel,9189473140,Mic,0,0
55,elementum ligula vehicula,5333321191,Laptop,0,0
56,dui,3715114789,Camera Stand,0,0
57,eros vestibulum ac,8771246533,Camera Stand,0,0
58,nisi at nibh,1896098568,Laptop,0,0
59,pede,8053999255,Mic,0,0
60,pede ullamcorper augue,263255484,Phone Stand,0,0
61,et,4123082912,Mic,0,0
62,porta volutpat quam,1198273348,Mic,0,0
63,tristique,2620266475,Phone Stand,0,0
64,vel,7015592924,Mic,0,0
65,eros viverra eget,9226182167,Mic,0,0
66,a pede posuere,4114244980,Mic,0,0
67,dapibus nulla,1143362284,Camera,0,0
68,scelerisque,3343404675,Phone Stand,0,0
69,quis tortor id,9280910167,Camera,0,0
70,dapibus augue,7655853533,Mic,0,0
71,ipsum primis,3965058371,Laptop,0,0
72,erat fermentum justo,3350973418,Phone Stand,0,0
73,molestie hendrerit,9536256126,Camera,0,0
74,sociis natoque penatibus,849836182,Laptop,0,0
75,justo,2736461681,Camera,0,0
76,viverra eget congue,8297842460,Camera Stand,0,0
77,parturient montes,7743312607,Camera Stand,0,0
78,donec dapibus duis,7574007500,Mic,0,0
79,donec odio justo,509316875,Camera,0,0
80,lorem,2953721924,Camera,0,0
81,venenatis tristique fusce,2949184413,Mic,0,0
82,et,6752284326,Phone Stand,0,0
83,metus arcu adipiscing,5008504053,Camera Stand,0,0
84,ultrices,5958041940,Laptop,0,0
85,natoque penatibus et,7945133347,Camera Stand,0,0
86,sapien quis,347294030,Phone Stand,0,0
87,dictumst etiam,1008802301,Camera Stand,0,0
88,donec odio,692858318,Camera,0,0
89,volutpat,1309291063,Camera Stand,0,0
90,consectetuer eget rutrum,497679876,Phone Stand,0,0
91,quam suspendisse potenti,5132009352,Laptop,0,0
92,ipsum,5919070706,Mic,0,0
93,ultrices posuere cubilia,3782690885,Phone Stand,0,0
94,neque aenean auctor,3343809209,Mic,0,0
95,morbi,3230543793,Laptop,0,0
96,morbi ut odio,7924946837,Camera,0,0
97,erat,9617323796,Camera Stand,0,0
98,congue etiam,911653201,Mic,0,0
99,pede,1913483282,Phone Stand,0,0
100,amet erat,820535532,Phone Stand,0,0
101,ultrices,8602377606,Camera,0,0
102,penatibus et magnis,7226324784,Mic,0,0
103,erat curabitur,8015680964,Camera,0,0
104,dui nec nisi,7642331207,Laptop,0,0
105,semper porta volutpat,2318732523,Laptop,0,0
106,felis,9509997668,Mic,0,0
107,mi pede,4153189685,Camera,0,0
108,diam nam tristique,7707359275,Phone Stand,0,0
109,convallis nunc proin,532734874,Mic,0,0
110,vulputate luctus cum,4475548020,Camera,0,0
111,cras,4659654125,Laptop,0,0
112,nisl venenatis,5448593216,Camera Stand,0,0
113,magna,2436558426,Mic,0,0
114,eu,7286876031,Laptop,0,0
115,hendrerit,6040623985,Laptop,0,0
116,in,1663427593,Camera,0,0
117,vulputate,3339104557,Camera,0,0
118,nunc,1214644538,Phone Stand,0,0
119,nulla,6299466456,Camera Stand,0,0
120,purus eu,3436209996,Phone Stand,0,0
121,faucibus,2582051470,Camera,0,0
122,convallis duis consequat,5283798755,Mic,0,0
123,tristique tortor,1113184922,Camera,0,0
124,adipiscing,3163886906,Camera,0,0
125,ultrices libero non,2834192332,Mic,0,0
126,vel augue,4614126529,Laptop,0,0
127,porttitor lacus,2499681969,Mic,0,0
128,sapien varius,4472961733,Laptop,0,0
129,consequat in,8360315035,Mic,0,0
130,rutrum nulla nunc,4266392249,Camera,0,0
131,sed vel,7281545940,Mic,0,0
132,purus sit,8049882624,Camera,0,0
133,eu,7824581748,Laptop,0,0
134,felis,129088188,Camera Stand,0,0
135,vestibulum ante,5713250016,Camera Stand,0,0
136,dolor morbi vel,8578305531,Laptop,0,0
137,ultrices posuere,2653458322,Phone Stand,0,0
138,porttitor id,1290330263,Mic,0,0
139,morbi sem mauris,3729174339,Mic,0,0
140,justo lacinia,5578446272,Camera Stand,0,0
141,odio,8693711458,Mic,0,0
142,lectus,9882381626,Mic,0,0
143,diam,8729039495,Camera,0,0
144,a,3656642176,Laptop,0,0
145,pretium iaculis diam,9545271671,Phone Stand,0,0
146,interdum mauris ullamcorper,6191881630,Phone Stand,0,0
147,ligula sit,869944126,Camera Stand,0,0
148,pede venenatis,6778274239,Mic,0,0
149,augue vestibulum ante,2439075663,Mic,0,0
150,sed tincidunt,9151398532,Camera,0,0
151,maecenas leo,8726939649,Laptop,0,0
152,vestibulum vestibulum ante,5411672775,Laptop,0,0
153,nulla elit ac,9458378141,Phone Stand,0,0
154,in,5528391687,Camera Stand,0,0
155,dignissim,2723057453,Mic,0,0
156,vulputate luctus,8710139966,Camera,0,0
157,suspendisse potenti,5424746160,Laptop,0,0
158,semper,9637610200,Phone Stand,0,0
159,libero,4239590922,Laptop,0,0
160,mattis egestas,1187433721,Mic,0,0
161,massa tempor,8820029081,Mic,0,0
162,adipiscing,8119719131,Laptop,0,0
163,orci,105445967,Camera,0,0
164,proin leo,2180416865,Camera,0,0
165,vivamus tortor,4672140768,Mic,0,0
166,a,9868664152,Laptop,0,0
167,vitae ipsum aliquam,1446841944,Phone Stand,0,0
168,in tempus sit,4720763189,Laptop,0,0
169,scelerisque,9363600904,Phone Stand,0,0
170,elementum pellentesque,4610164841,Laptop,0,0
171,quam,1758358106,Laptop,0,0
172,et,7319537206,Camera Stand,0,0
173,eu,9222927451,Mic,0,0
174,id consequat in,511138334,Mic,0,0
175,in eleifend quam,8915125185,Laptop,0,0
176,primis in,5705220200,Camera,0,0
177,nam congue,5989066813,Camera,0,0
178,lectus in est,2656770424,Camera,0,0
179,ante,6581346810,Phone Stand,0,0
180,mauris vulputate elementum,3325788726,Phone Stand,0,0
181,dui,7288651975,Phone Stand,0,0
182,vel,4123306667,Camera,0,0
183,ante ipsum,4180865971,Camera,0,0
184,vestibulum,2065835192,Phone Stand,0,0
185,suspendisse,1853386723,Camera,0,0
186,duis at,1157413714,Phone Stand,0,0
187,vulputate vitae,7669301430,Camera Stand,0,0
188,sit amet eros,1356733263,Camera Stand,0,0
189,aliquam non,250088959,Laptop,0,0
190,amet consectetuer,8950095149,Laptop,0,0
191,nisi vulputate nonummy,6946840038,Mic,0,0
192,natoque penatibus et,2821171366,Laptop,0,0
193,donec quis orci,9170454647,Laptop,0,0
194,vitae,737878460,Camera Stand,0,0
195,eget orci vehicula,788857851,Laptop,0,0
196,magna bibendum imperdiet,1653636785,Mic,0,0
197,blandit,6617872223,Camera Stand,0,0
198,iaculis diam,4686048044,Camera Stand,0,0
199,turpis,4480828109,Camera Stand,0,0
200,velit nec,1086224647,Camera,0,0
201,nulla eget,4282663243,Phone Stand,0,0
202,vel,1082314579,Laptop,0,0
203,maecenas leo,3688785355,Phone Stand,0,0
204,rhoncus aliquam lacus,6719704974,Camera,0,0
205,vulputate nonummy maecenas,1216181292,Phone Stand,0,0
206,justo nec condimentum,5506624204,Mic,0,0
207,eget tincidunt,6866017351,Camera Stand,0,0
208,suscipit,1111126356,Mic,0,0
209,eu,2068208709,Mic,0,0
210,eu orci mauris,888472978,Mic,0,0
211,nunc donec,5470338266,Mic,0,0
212,volutpat in congue,4468101776,Phone Stand,0,0
213,sed,3391464763,Mic,0,0
214,est quam,9206342762,Camera,0,0
215,eu,3026642231,Camera,0,0
216,eu mi nulla,2821751397,Laptop,0,0
217,lobortis convallis tortor,5203434042,Phone Stand,0,0
218,pede justo,1948621703,Camera,0,0
219,mi nulla,1342114337,Phone Stand,0,0
220,in lacus,8765629264,Camera,0,0
221,tempor turpis nec,4874736297,Camera Stand,0,0
222,non mi,7022792593,Camera,0,0
223,duis consequat,125474997,Mic,0,0
224,elementum nullam,3037536713,Camera,0,0
225,habitasse platea dictumst,8718233295,Mic,0,0
226,maecenas rhoncus aliquam,2044978652,Camera Stand,0,0
227,ligula suspendisse,140327630,Mic,0,0
228,erat tortor sollicitudin,6005692054,Camera,0,0
229,eros viverra eget,2432646649,Phone Stand,0,0
230,cubilia curae,9807699746,Laptop,0,0
231,morbi vestibulum,5886094822,Mic,0,0
232,varius nulla facilisi,1389645819,Mic,0,0
233,ut,8240497020,Mic,0,0
234,in,8636415853,Mic,0,0
235,tristique,8665580247,Laptop,0,0
236,vestibulum proin,4914049856,Phone Stand,0,0
237,lobortis sapien,3372990609,Laptop,0,0
238,erat nulla,1033997099,Laptop,0,0
239,posuere metus vitae,1516115597,Mic,0,0
240,interdum mauris non,932221297,Phone Stand,0,0
241,sagittis nam congue,8505063856,Camera Stand,0,0
242,sit,4281856315,Mic,0,0
243,vitae consectetuer,9067111392,Camera,0,0
244,nulla sed vel,6771757374,Camera,0,0
245,in hac habitasse,3990588206,Camera,0,0
246,ligula suspendisse ornare,2660238456,Phone Stand,0,0
247,quis turpis,2951418965,Mic,0,0
248,parturient montes,8348459936,Laptop,0,0
249,pede morbi porttitor,6730211261,Mic,0,0
250,montes nascetur ridiculus,8095979937,Camera Stand,0,0
251,nulla,7311167418,Phone Stand,0,0
252,integer ac leo,9361434799,Mic,0,0
253,quis lectus,2588292186,Phone Stand,0,0
254,dui luctus rutrum,3706690713,Camera,0,0
255,mauris lacinia sapien,8682191466,Camera,0,0
256,sagittis sapien cum,5838125225,Phone Stand,0,0
257,tortor quis turpis,6243208508,Camera,0,0
258,vivamus,6927581707,Camera Stand,0,0
259,sem sed,8453205191,Laptop,0,0
260,luctus rutrum,323990029,Mic,0,0
261,enim leo rhoncus,4319588827,Laptop,0,0
262,in,7601555380,Camera,0,0
263,rhoncus mauris,4901807773,Camera,0,0
264,augue,7243475094,Phone Stand,0,0
265,convallis nunc,6235677251,Laptop,0,0
266,justo maecenas,2193073775,Camera,0,0
267,metus arcu adipiscing,8487859747,Mic,0,0
268,ac nibh fusce,4811118162,Mic,0,0
269,enim leo,5846399576,Laptop,0,0
270,libero non mattis,8602198884,Laptop,0,0
271,hac habitasse,480811822,Mic,0,0
272,penatibus et,42612667,Mic,0,0
273,pede,4129127128,Mic,0,0
274,urna,8791597277,Camera,0,0
275,turpis,3554443115,Laptop,0,0
276,posuere nonummy,5546804351,Camera,0,0
277,lacus at,9901765226,Camera,0,0
278,id nisl venenatis,950475882,Camera,0,0
279,ligula sit amet,8533572875,Mic,0,0
280,felis sed,4038465187,Mic,0,0
281,nibh fusce lacus,9869342086,Phone Stand,0,0
282,aliquet,1631415352,Laptop,0,0
283,pede libero,5885084637,Mic,0,0
284,vestibulum ante,1840830409,Camera,0,0
285,bibendum,3373028760,Mic,0,0
286,sit amet,8881473674,Phone Stand,0,0
287,metus vitae ipsum,313682224,Camera,0,0
288,molestie,253011701,Phone Stand,0,0
289,integer tincidunt ante,6719069160,Laptop,0,0
290,elementum pellentesque quisque,3558173112,Camera,0,0
291,a,8012205556,Mic,0,0
292,mattis egestas metus,4763631942,Mic,0,0
293,nisi nam,3821626208,Camera,0,0
294,et ultrices,4764955636,Camera Stand,0,0
295,dui,2158071125,Camera,0,0
296,interdum,206811802,Phone Stand,0,0
297,non,6284491263,Camera Stand,0,0
298,adipiscing,2835745009,Camera,0,0
299,ultricies,5385708283,Camera,0,0
300,nam dui,7454936954,Phone Stand,0,0
301,orci eget,5679033895,Camera Stand,0,0
302,purus,6793820826,Camera Stand,0,0
303,lacinia,2695096658,Laptop,0,0
304,vestibulum,446293393,Camera Stand,0,0
305,primis in faucibus,5705747306,Mic,0,0
306,diam id ornare,6513516293,Phone Stand,0,0
307,phasellus id sapien,5222875784,Mic,0,0
308,nulla sed,331142058,Phone Stand,0,0
309,curae mauris,6140737982,Mic,0,0
310,purus sit amet,5470042634,Phone Stand,0,0
311,ridiculus mus vivamus,9716799403,Laptop,0,0
312,id,7481421099,Mic,0,0
313,erat tortor sollicitudin,6308495522,Laptop,0,0
314,nulla,7915147684,Mic,0,0
315,potenti,318786281,Mic,0,0
316,orci eget,767015800,Phone Stand,0,0
317,amet,4809279499,Mic,0,0
318,quam,2627285211,Laptop,0,0
319,convallis morbi odio,3203261952,Camera Stand,0,0
320,vitae quam,4492496769,Laptop,0,0
321,congue etiam,5075965326,Camera Stand,0,0
322,platea dictumst,9683648495,Camera Stand,0,0
323,vulputate ut,8651722095,Mic,0,0
324,elit ac,8408811487,Mic,0,0
325,et ultrices,1161472967,Camera Stand,0,0
326,ultrices phasellus id,1554050863,Camera,0,0
327,aliquet massa,8543976340,Phone Stand,0,0
328,posuere nonummy,257929428,Laptop,0,0
329,felis,2946637573,Mic,0,0
330,ac enim,346440726,Phone Stand,0,0
331,suspendisse accumsan tortor,9081141740,Camera,0,0
332,mattis egestas,4675589758,Phone Stand,0,0
333,rhoncus mauris enim,9293361434,Laptop,0,0
334,sociis,7493042675,Camera,0,0
335,nisl duis ac,5843604225,Laptop,0,0
336,enim in tempor,8921505865,Laptop,0,0
337,quisque ut,7311665027,Laptop,0,0
338,sed tristique,7024528966,Phone Stand,0,0
339,orci luctus et,1847793479,Camera Stand,0,0
340,tristique fusce,5832038207,Camera Stand,0,0
341,nulla tempus vivamus,5102969110,Camera Stand,0,0
342,donec semper,6501297605,Camera Stand,0,0
343,sit amet justo,3656840938,Phone Stand,0,0
344,id sapien,3323590023,Mic,0,0
345,mattis egestas,7088528479,Camera,0,0
346,odio,4125655170,Camera Stand,0,0
347,est,4200728702,Laptop,0,0
348,sit,1740711572,Camera Stand,0,0
349,donec posuere metus,4346925782,Camera,0,0
350,erat,7341184744,Phone Stand,0,0
351,lacus at velit,9774184025,Laptop,0,0
352,quis libero,6640872587,Phone Stand,0,0
353,sapien arcu sed,3458108300,Laptop,0,0
354,sapien sapien non,2954625147,Camera,0,0
355,ac nibh,1593108761,Mic,0,0
356,ut at,7119162403,Mic,0,0
357,sed lacus,2332564055,Mic,0,0
358,ligula nec sem,3853486444,Laptop,0,0
359,quis justo,3767899973,Phone Stand,0,0
360,lectus in,2943966657,Camera,0,0
361,natoque penatibus,2823808884,Mic,0,0
362,quam sollicitudin vitae,2769017926,Laptop,0,0
363,lobortis convallis,9317031293,Phone Stand,0,0
364,justo etiam,8458999447,Camera,0,0
365,orci,6876022366,Camera Stand,0,0
366,tristique tortor eu,2612747737,Camera Stand,0,0
367,erat tortor,665680724,Mic,0,0
368,turpis,3524333095,Camera Stand,0,0
369,sit amet,3740190701,Mic,0,0
370,molestie lorem quisque,5913481860,Phone Stand,0,0
371,tellus,7543663309,Phone Stand,0,0
372,cursus,6807451393,Phone Stand,0,0
373,lobortis vel,2591265151,Laptop,0,0
374,odio condimentum id,2878275721,Mic,0,0
375,sed vel,3468786352,Camera,0,0
376,in tempus,3253922839,Phone Stand,0,0
377,venenatis turpis,1757045503,Phone Stand,0,0
378,ultrices posuere,6104153720,Camera Stand,0,0
379,potenti,8775270951,Camera,0,0
380,massa quis augue,9411224229,Phone Stand,0,0
381,ipsum,2971059871,Laptop,0,0
382,donec quis,2011761786,Camera Stand,0,0
383,ipsum dolor,332223973,Camera,0,0
384,lectus pellentesque eget,4497249077,Phone Stand,0,0
385,mi integer ac,7641549829,Laptop,0,0
386,eros,6015791640,Laptop,0,0
387,sagittis nam congue,7105148667,Laptop,0,0
388,nulla,2853777782,Phone Stand,0,0
389,odio elementum,5243059587,Mic,0,0
390,a pede posuere,5701953815,Camera Stand,0,0
391,vestibulum,1769646981,Mic,0,0
392,justo sit amet,4605860665,Laptop,0,0
393,tellus in,9423294014,Phone Stand,0,0
394,nec molestie sed,5201309836,Mic,0,0
395,penatibus et magnis,313781591,Camera Stand,0,0
396,lectus pellentesque at,4768860672,Camera Stand,0,0
397,at nunc,4031386524,Mic,0,0
398,ultrices libero,9944179434,Camera Stand,0,0
399,imperdiet et,9141827457,Camera Stand,0,0
400,nullam,2978604751,Phone Stand,0,0
401,risus dapibus augue,1339081997,Phone Stand,0,0
402,congue etiam justo,5609674727,Camera Stand,0,0
403,eget,4731232775,Mic,0,0
404,vivamus,6991805637,Camera,0,0
405,in sagittis,3448925942,Mic,0,0
406,blandit mi,129191477,Camera Stand,0,0
407,nulla nunc,6623226575,Camera Stand,0,0
408,elit,7856591056,Laptop,0,0
409,magna,3251815156,Laptop,0,0
410,tellus in,5129510542,Camera,0,0
411,vulputate nonummy maecenas,5903116450,Camera,0,0
412,varius ut blandit,7615636469,Camera,0,0
413,dapibus at,4810708802,Laptop,0,0
414,praesent,1197338527,Camera Stand,0,0
415,non velit donec,4795545316,Phone Stand,0,0
416,donec,1259326020,Camera Stand,0,0
417,augue luctus tincidunt,5090894159,Mic,0,0
418,quam sollicitudin,7382225348,Mic,0,0
419,scelerisque quam turpis,500060460,Camera,0,0
420,nascetur ridiculus,7953144522,Camera Stand,0,0
421,amet nunc,4151514309,Phone Stand,0,0
422,sapien,82796610,Camera,0,0
423,semper porta volutpat,5407935120,Phone Stand,0,0
424,ipsum dolor,9607033914,Camera Stand,0,0
425,quam,2282192893,Camera,0,0
426,habitasse platea dictumst,1186927623,Mic,0,0
427,ultrices posuere cubilia,3725796335,Camera Stand,0,0
428,at nulla suspendisse,1904679579,Camera,0,0
429,habitasse platea,1026579694,Camera,0,0
430,congue etiam,7224135348,Phone Stand,0,0
431,pellentesque eget nunc,2180768257,Laptop,0,0
432,purus,8902316769,Laptop,0,0
433,luctus et,8139289884,Phone Stand,0,0
434,metus vitae ipsum,3599679223,Laptop,0,0
435,eget,5028329931,Laptop,0,0
436,ante nulla justo,8579471729,Camera,0,0
437,faucibus orci,3458413308,Camera,0,0
438,purus aliquet at,6101229408,Mic,0,0
439,nam tristique,9483564174,Phone Stand,0,0
440,massa,5433540316,Camera,0,0
441,habitasse platea dictumst,105188379,Camera Stand,0,0
442,nam,1809537215,Laptop,0,0
443,lectus in,824211340,Camera Stand,0,0
444,maecenas tincidunt lacus,1950315029,Phone Stand,0,0
445,ipsum aliquam,9856858364,Mic,0,0
446,mi nulla,3605123104,Camera,0,0
447,hac habitasse,4724120568,Camera,0,0
448,turpis donec,7420478597,Laptop,0,0
449,pede,8616434801,Laptop,0,0
450,in hac,1531794742,Phone Stand,0,0
451,et ultrices,9070582589,Phone Stand,0,0
452,odio condimentum,9448019394,Mic,0,0
453,ac nulla,1585805726,Camera Stand,0,0
454,nam,6262993037,Camera Stand,0,0
455,praesent id,4520857651,Camera,0,0
456,nibh,4696035212,Mic,0,0
457,proin eu mi,1195350961,Laptop,0,0
458,lectus pellentesque eget,6847122102,Laptop,0,0
459,pede justo lacinia,222964596,Camera,0,0
460,sed vestibulum,533798752,Mic,0,0
461,praesent,4790208923,Camera,0,0
462,tortor risus dapibus,7767045250,Camera,0,0
463,aenean,5508676260,Laptop,0,0
464,curabitur,4827066906,Camera,0,0
465,justo in,118452606,Laptop,0,0
466,diam,7829374260,Camera Stand,0,0
467,nisl duis ac,5321873933,Camera,0,0
468,a,9740889603,Mic,0,0
469,interdum,4516220458,Camera Stand,0,0
470,mauris viverra,6158237582,Laptop,0,0
471,eu,56961618,Phone Stand,0,0
472,posuere felis sed,7635885529,Laptop,0,0
473,ut dolor,8029841833,Camera Stand,0,0
474,eget rutrum at,766055981,Laptop,0,0
475,posuere,7855288406,Mic,0,0
476,sapien,3275119133,Camera Stand,0,0
477,mattis egestas metus,3472702680,Mic,0,0
478,vel dapibus at,9417092499,Mic,0,0
479,sit,6114293622,Mic,0,0
480,iaculis diam,5651113851,Mic,0,0
481,iaculis congue vivamus,2689890712,Camera Stand,0,0
482,porttitor,7772290888,Mic,0,0
483,erat eros,19962991,Mic,0,0
484,ultrices erat,5961386600,Camera,0,0
485,venenatis,8760911255,Laptop,0,0
486,sollicitudin,2989342249,Phone Stand,0,0
487,in,8055048843,Laptop,0,0
488,sit,8191263904,Camera Stand,0,0
489,viverra diam,3983478158,Laptop,0,0
490,libero,2874764442,Phone Stand,0,0
491,dui maecenas tristique,2791694862,Laptop,0,0
492,mauris laoreet ut,3210889996,Mic,0,0
493,lacus,1565350855,Camera Stand,0,0
494,diam erat fermentum,2265486949,Laptop,0,0
495,ac nulla sed,4358008208,Camera,0,0
496,accumsan odio,8526584960,Camera Stand,0,0
497,vel accumsan tellus,4293666362,Camera Stand,0,0
498,diam nam tristique,9113769057,Laptop,0,0
499,vivamus,7996569983,Phone Stand,0,0
500,lorem vitae mattis,5686054479,Mic,0,0
501,turpis sed,147338581,Camera Stand,0,0
502,et ultrices,1721090797,Camera,0,0
503,nisi eu,4894510561,Camera,0,0
504,elit proin,2621933181,Camera,0,0
505,ac,25489917,Mic,0,0
506,ut volutpat,8592270251,Phone Stand,0,0
507,nulla dapibus,1472035038,Laptop,0,0
508,tristique fusce congue,8176888648,Phone Stand,0,0
509,nullam sit,2879856787,Laptop,0,0
510,nunc purus,8698724973,Mic,0,0
511,sapien dignissim,4638521185,Mic,0,0
512,mattis nibh ligula,4892558311,Laptop,0,0
513,interdum in,801603838,Camera Stand,0,0
514,ac diam,2670149774,Mic,0,0
515,et ultrices posuere,4389385801,Mic,0,0
516,quis odio,6041715891,Laptop,0,0
517,et eros vestibulum,3147337774,Mic,0,0
518,vel nisl,3296863508,Phone Stand,0,0
519,mi sit,2084200288,Mic,0,0
520,quam,2705282866,Phone Stand,0,0
521,vestibulum,6203635863,Laptop,0,0
522,luctus et ultrices,6037952396,Camera Stand,0,0
523,nulla pede ullamcorper,9981188557,Camera Stand,0,0
524,sed justo,6980970771,Mic,0,0
525,sed,3956091108,Camera,0,0
526,nulla,5870050278,Camera,0,0
527,nam ultrices,6438408743,Phone Stand,0,0
528,in hac habitasse,853002614,Phone Stand,0,0
529,nulla ac enim,4519388678,Mic,0,0
530,ut,6601201669,Camera,0,0
531,vestibulum sit amet,4455433813,Mic,0,0
532,vitae ipsum aliquam,6244650670,Camera Stand,0,0
533,ac,854853553,Mic,0,0
534,quis lectus,9632730178,Camera Stand,0,0
535,turpis,1865255548,Mic,0,0
536,lorem ipsum,7376000429,Camera,0,0
537,amet,4029776787,Camera,0,0
538,maecenas,8089128483,Mic,0,0
539,donec posuere,2746296470,Laptop,0,0
540,odio justo sollicitudin,5134649898,Camera Stand,0,0
541,arcu libero rutrum,3709115256,Laptop,0,0
542,semper interdum,7179404926,Laptop,0,0
543,est quam,7198043224,Camera Stand,0,0
544,nullam molestie,5479154818,Phone Stand,0,0
545,metus,4887780370,Mic,0,0
546,pellentesque,27952185,Camera Stand,0,0
547,dui luctus rutrum,6129937725,Camera,0,0
548,in blandit,6573645731,Camera,0,0
549,vestibulum aliquet ultrices,9178041538,Mic,0,0
550,mattis pulvinar nulla,2915881758,Phone Stand,0,0
551,in sagittis dui,4156170861,Camera,0,0
552,consectetuer,4156255247,Phone Stand,0,0
553,consectetuer,4686946034,Mic,0,0
554,integer ac,4222971251,Camera Stand,0,0
555,vel,2538630568,Camera Stand,0,0
556,id nulla,709339003,Camera Stand,0,0
557,tincidunt eget tempus,2145830707,Camera Stand,0,0
558,phasellus,9879921054,Camera,0,0
559,morbi,3252157624,Phone Stand,0,0
560,odio elementum eu,8723614242,Phone Stand,0,0
561,dictumst,4264847362,Mic,0,0
562,risus praesent,3899038460,Mic,0,0
563,porttitor,1352942860,Mic,0,0
564,morbi porttitor,3506637061,Camera Stand,0,0
565,mi nulla,5616596515,Camera Stand,0,0
566,turpis adipiscing,5248044316,Camera,0,0
567,platea dictumst maecenas,5161493909,Phone Stand,0,0
568,diam nam tristique,3069961851,Laptop,0,0
569,luctus,2440252344,Camera Stand,0,0
570,dis parturient montes,5721116579,Laptop,0,0
571,potenti cras in,3267059542,Camera Stand,0,0
572,est risus,7666600747,Camera Stand,0,0
573,vitae nisi nam,7793342879,Laptop,0,0
574,eleifend luctus ultricies,5478157708,Camera,0,0
575,amet nunc viverra,2048768652,Mic,0,0
576,ut erat,3752841044,Camera,0,0
577,fermentum,4736049723,Camera,0,0
578,justo maecenas rhoncus,7331091034,Camera,0,0
579,elit ac nulla,6756169750,Camera,0,0
580,proin,5819261054,Laptop,0,0
581,enim,4799312723,Phone Stand,0,0
582,nullam,6835975865,Mic,0,0
583,eros,1389501884,Mic,0,0
584,etiam,7556600904,Laptop,0,0
585,nulla,2528070071,Camera,0,0
586,magna bibendum imperdiet,2112226401,Camera Stand,0,0
587,consequat lectus,8853394714,Phone Stand,0,0
588,sed tincidunt,9745424862,Camera Stand,0,0
589,fermentum,7125507018,Camera,0,0
590,interdum,630876444,Phone Stand,0,0
591,mi pede,1584871687,Camera Stand,0,0
592,sapien,8573863986,Camera,0,0
593,lectus suspendisse,9655298477,Mic,0,0
594,ante,4942112419,Camera Stand,0,0
595,rutrum neque,686601998,Laptop,0,0
596,neque libero,7497416596,Camera,0,0
597,mauris sit,5688788151,Phone Stand,0,0
598,integer ac neque,3994394929,Mic,0,0
599,interdum mauris,7622561975,Mic,0,0
600,donec,9156417462,Camera,0,0
601,nibh,2034332776,Mic,0,0
602,in,3750432759,Camera Stand,0,0
603,magnis dis parturient,4795615365,Phone Stand,0,0
604,nulla tellus,8126423188,Laptop,0,0
605,eget,8783855645,Phone Stand,0,0
606,vel lectus in,8791532779,Laptop,0,0
607,integer a,6085664664,Camera Stand,0,0
608,ut,9099086288,Phone Stand,0,0
609,erat eros viverra,1323420207,Phone Stand,0,0
610,erat,8128311697,Phone Stand,0,0
611,id,207912653,Laptop,0,0
612,sed sagittis,7236931888,Laptop,0,0
613,lorem,3955373088,Camera,0,0
614,aliquam erat,7905541967,Laptop,0,0
615,ut massa volutpat,2100106872,Camera Stand,0,0
616,amet cursus id,2234947723,Camera Stand,0,0
617,nam tristique,2468212916,Laptop,0,0
618,vestibulum ante ipsum,2059207355,Laptop,0,0
619,eget massa,360612989,Phone Stand,0,0
620,sociis natoque penatibus,5771033707,Phone Stand,0,0
621,nulla facilisi,1649517238,Mic,0,0
622,in,837268753,Mic,0,0
623,hac,396186661,Phone Stand,0,0
624,viverra diam vitae,4050459329,Camera,0,0
625,quis odio consequat,992317509,Camera Stand,0,0
626,rutrum at,4740739585,Phone Stand,0,0
627,tristique tortor eu,9106867448,Camera,0,0
628,tempus,9422084660,Mic,0,0
629,quis turpis sed,5679102153,Laptop,0,0
630,morbi odio,8981412006,Camera Stand,0,0
631,leo rhoncus,2787953433,Phone Stand,0,0
632,duis,9163998521,Phone Stand,0,0
633,libero nullam sit,7335154502,Phone Stand,0,0
634,auctor,9796461005,Camera Stand,0,0
635,tempus vivamus,1040028861,Phone Stand,0,0
636,vivamus,5156801218,Phone Stand,0,0
637,ac est,275356574,Camera Stand,0,0
638,libero,7925903945,Camera,0,0
639,morbi,4935917709,Camera,0,0
640,vel,5309532226,Mic,0,0
641,mauris ullamcorper,7889360029,Phone Stand,0,0
642,aliquam quis turpis,4414809266,Phone Stand,0,0
643,montes nascetur ridiculus,7214053225,Phone Stand,0,0
644,nulla integer pede,707979285,Camera Stand,0,0
645,turpis sed,5332321163,Camera,0,0
646,feugiat non,1620062542,Laptop,0,0
647,porttitor,88501019,Mic,0,0
648,duis,1368228615,Camera Stand,0,0
649,donec,7433384308,Mic,0,0
650,luctus,6592223103,Mic,0,0
651,accumsan,7337923422,Laptop,0,0
652,sed,4170506774,Mic,0,0
653,eget,5911262061,Camera Stand,0,0
654,ut,9288143424,Mic,0,0
655,neque duis bibendum,5919525460,Camera Stand,0,0
656,nunc,1122123027,Mic,0,0
657,sit amet nunc,2350940330,Camera Stand,0,0
658,hendrerit,2935901185,Mic,0,0
659,augue a,5328048504,Laptop,0,0
660,iaculis justo,3226259334,Camera,0,0
661,phasellus,532312619,Camera,0,0
662,volutpat dui maecenas,4167948362,Mic,0,0
663,ultrices libero non,2988044791,Phone Stand,0,0
664,interdum eu,5400870988,Mic,0,0
665,ipsum dolor sit,4957820120,Camera Stand,0,0
666,pede libero quis,4671319896,Mic,0,0
667,libero non mattis,4189542695,Camera Stand,0,0
668,turpis elementum ligula,7149334202,Camera Stand,0,0
669,aliquam,8186147497,Camera,0,0
670,non lectus,5205129387,Laptop,0,0
671,nulla ultrices,5511279935,Laptop,0,0
672,maecenas rhoncus aliquam,6250740384,Phone Stand,0,0
673,semper,3087052590,Laptop,0,0
674,a,8442316116,Laptop,0,0
675,vehicula consequat morbi,8884505054,Camera Stand,0,0
676,quis tortor,1047022168,Camera,0,0
677,felis sed,2849181145,Phone Stand,0,0
678,felis fusce posuere,3128521042,Camera Stand,0,0
679,convallis,2449510311,Camera Stand,0,0
680,sodales,3486253662,Phone Stand,0,0
681,eget,6858294767,Camera Stand,0,0
682,in quis,4543402200,Camera,0,0
683,ultrices libero,6953019514,Phone Stand,0,0
684,nulla nisl,4324748977,Camera,0,0
685,nunc vestibulum,2803535580,Camera Stand,0,0
686,etiam,9687123427,Laptop,0,0
687,ut volutpat sapien,5109412650,Camera Stand,0,0
688,odio in,2749673445,Phone Stand,0,0
689,nullam,3656685045,Mic,0,0
690,amet,3829261829,Mic,0,0
691,amet,7781220935,Mic,0,0
692,ligula vehicula,937722944,Phone Stand,0,0
693,eu,7339196080,Camera Stand,0,0
694,nec nisi,6688510618,Mic,0,0
695,ultricies,2203378832,Mic,0,0
696,aliquam,2338767292,Camera Stand,0,0
697,non mattis pulvinar,9084249453,Camera Stand,0,0
698,nulla,3803119227,Laptop,0,0
699,nisi volutpat eleifend,4790563901,Camera,0,0
700,nulla ut,5355414524,Mic,0,0
701,aliquet at feugiat,9424413033,Mic,0,0
702,platea dictumst maecenas,8462529212,Laptop,0,0
703,bibendum imperdiet,7993303389,Camera Stand,0,0
704,nullam,1617588601,Camera,0,0
705,curabitur,7752310964,Laptop,0,0
706,vivamus in,6882957258,Mic,0,0
707,penatibus et magnis,9795694790,Phone Stand,0,0
708,tincidunt ante vel,1991923902,Camera Stand,0,0
709,non,6742216921,Camera Stand,0,0
710,nonummy,5698106355,Camera Stand,0,0
711,nullam orci,6814353733,Camera,0,0
712,ac,6492065603,Mic,0,0
713,ac leo,3659581887,Camera Stand,0,0
714,amet eleifend,6083903661,Camera,0,0
715,cum,674876083,Camera Stand,0,0
716,fermentum justo,8912167685,Laptop,0,0
717,ligula vehicula,6189353959,Camera Stand,0,0
718,cursus vestibulum proin,3336785308,Mic,0,0
719,tincidunt lacus at,3512890709,Laptop,0,0
720,tincidunt,4638841562,Camera Stand,0,0
721,suscipit,2154414087,Mic,0,0
722,blandit ultrices,3164165552,Phone Stand,0,0
723,velit,2439465399,Mic,0,0
724,et ultrices posuere,8523536744,Phone Stand,0,0
725,in,7707518896,Phone Stand,0,0
726,faucibus orci luctus,2566940088,Laptop,0,0
727,dapibus,3598639465,Camera,0,0
728,ligula sit amet,3069419038,Mic,0,0
729,dapibus augue vel,4871080595,Phone Stand,0,0
730,enim sit amet,5166912527,Camera Stand,0,0
731,morbi ut,4101069360,Mic,0,0
732,interdum,8552911574,Laptop,0,0
733,rhoncus aliquam lacus,7961256334,Camera,0,0
734,ut rhoncus aliquet,7381997592,Camera,0,0
735,diam,5018234709,Mic,0,0
736,sagittis nam congue,6375620341,Camera Stand,0,0
737,eu est,8552110903,Camera,0,0
738,felis sed lacus,7285364118,Mic,0,0
739,amet cursus id,4479558004,Laptop,0,0
740,lacus morbi sem,3881987878,Laptop,0,0
741,vel dapibus at,5383960503,Phone Stand,0,0
742,massa,5961529711,Phone Stand,0,0
743,id,8778414032,Mic,0,0
744,nam,1478761881,Laptop,0,0
745,a suscipit,9217065730,Mic,0,0
746,condimentum,2189835747,Laptop,0,0
747,duis aliquam convallis,7169622122,Laptop,0,0
748,maecenas pulvinar,514719222,Laptop,0,0
749,feugiat non,3649124971,Camera,0,0
750,vestibulum quam,5938389925,Laptop,0,0
751,ante,8551864386,Laptop,0,0
752,dui vel,9608019664,Laptop,0,0
753,gravida,1280434570,Phone Stand,0,0
754,in,7906697979,Camera Stand,0,0
755,nascetur,350772401,Mic,0,0
756,ipsum integer a,6198462145,Camera Stand,0,0
757,neque libero,2757093053,Mic,0,0
758,turpis enim,6723262379,Camera,0,0
759,ante,3857481390,Camera Stand,0,0
760,orci,9598309398,Phone Stand,0,0
761,semper est quam,3197814371,Camera Stand,0,0
762,sed,1026882737,Camera Stand,0,0
763,eros,1242718311,Laptop,0,0
764,luctus ultricies,6746528413,Phone Stand,0,0
765,lacus at,3991549638,Phone Stand,0,0
766,turpis a,2378247672,Mic,0,0
767,vivamus in felis,2290580546,Camera,0,0
768,vestibulum velit,1938275683,Phone Stand,0,0
769,mauris sit amet,681490373,Camera,0,0
770,eget eros elementum,9995025086,Laptop,0,0
771,tincidunt eu,5462639864,Camera,0,0
772,quisque arcu libero,3291347234,Phone Stand,0,0
773,donec vitae,6591802045,Mic,0,0
774,purus eu,9887240265,Phone Stand,0,0
775,nam tristique tortor,1317300939,Laptop,0,0
776,leo odio condimentum,821394630,Mic,0,0
777,morbi quis,12046574,Camera Stand,0,0
778,ultricies eu nibh,4109652243,Laptop,0,0
779,sagittis sapien cum,2033904423,Camera,0,0
780,sit amet,1158678576,Phone Stand,0,0
781,iaculis,8549605174,Camera Stand,0,0
782,amet,1493872729,Phone Stand,0,0
783,suscipit,9649545905,Laptop,0,0
784,integer tincidunt ante,7376650598,Camera Stand,0,0
785,dapibus,7211167483,Mic,0,0
786,congue,4275604199,Camera Stand,0,0
787,sed,2183609346,Mic,0,0
788,fringilla,1563521997,Camera,0,0
789,duis,256506671,Phone Stand,0,0
790,erat,6725678963,Mic,0,0
791,dapibus,9207604329,Camera Stand,0,0
792,id,6393966025,Camera Stand,0,0
793,diam,6527267711,Mic,0,0
794,eu,8578896416,Phone Stand,0,0
795,elementum in,8403151047,Camera,0,0
796,eget vulputate,9331367813,Laptop,0,0
797,nullam porttitor lacus,1636882609,Phone Stand,0,0
798,in faucibus orci,4803138915,Mic,0,0
799,ut at dolor,4346599680,Laptop,0,0
800,venenatis turpis enim,5057555278,Mic,0,0
801,ligula in lacus,7640727987,Camera,0,0
802,pellentesque,1580977995,Mic,0,0
803,elit proin interdum,5702536088,Camera,0,0
804,id,2806502861,Phone Stand,0,0
805,lacinia aenean,2940117551,Mic,0,0
806,sed,9380138377,Camera,0,0
807,volutpat erat,454200234,Laptop,0,0
808,tincidunt nulla mollis,3056814197,Mic,0,0
809,tellus in,2832949614,Camera,0,0
810,lacus,2954464437,Camera Stand,0,0
811,dolor,5565277361,Laptop,0,0
812,congue,254619851,Camera Stand,0,0
813,sapien urna pretium,1245235680,Camera Stand,0,0
814,commodo,8056766723,Mic,0,0
815,ac enim in,8304640732,Laptop,0,0
816,ac consequat,5958225987,Camera,0,0
817,nisl ut volutpat,6183229628,Camera,0,0
818,in quam fringilla,491789254,Camera Stand,0,0
819,nisi at nibh,4806936103,Phone Stand,0,0
820,blandit mi in,8098114392,Mic,0,0
821,habitasse platea,7720253361,Camera,0,0
822,pede ullamcorper,7856091339,Laptop,0,0
823,nulla,2328186408,Camera Stand,0,0
824,in tempor,1372917217,Camera,0,0
825,fusce lacus,772701113,Camera Stand,0,0
826,vivamus vestibulum sagittis,6106287104,Mic,0,0
827,hac,76020789,Mic,0,0
828,at nibh in,1301814938,Laptop,0,0
829,amet justo,1831322196,Camera,0,0
830,ut nulla,7182281007,Laptop,0,0
831,lorem ipsum,2919598325,Mic,0,0
832,pede morbi,3068665175,Camera,0,0
833,tellus nulla ut,6218730565,Camera Stand,0,0
834,venenatis turpis enim,6609236135,Camera,0,0
835,justo,4895551822,Laptop,0,0
836,est lacinia,2189238048,Camera,0,0
837,in tempor turpis,8365697149,Camera Stand,0,0
838,justo lacinia,6682281676,Phone Stand,0,0
839,at nibh in,751139904,Camera Stand,0,0
840,ut massa,5474402910,Mic,0,0
841,tristique,9197711721,Mic,0,0
842,mattis egestas,2255688816,Camera Stand,0,0
843,felis,8184669445,Mic,0,0
844,eleifend quam a,3600292900,Mic,0,0
845,justo in,8210051784,Phone Stand,0,0
846,sapien placerat,3367253383,Camera Stand,0,0
847,volutpat convallis,297894625,Mic,0,0
848,at,4512567488,Camera,0,0
849,quam,1281983098,Camera,0,0
850,arcu sed,2770401149,Camera,0,0
851,aenean sit,6653958027,Phone Stand,0,0
852,adipiscing,6220255488,Camera,0,0
853,tincidunt,9055182346,Phone Stand,0,0
854,odio,9036119995,Camera,0,0
855,tempus vel pede,9752774105,Camera Stand,0,0
856,nec,7864969089,Camera,0,0
857,suscipit nulla elit,4994084432,Mic,0,0
858,nibh,4897238331,Phone Stand,0,0
859,at velit,2974837166,Laptop,0,0
860,elit,5606165759,Camera,0,0
861,fusce lacus,6127987415,Mic,0,0
862,vel dapibus,4915362868,Phone Stand,0,0
863,vestibulum eget,303460202,Camera Stand,0,0
864,cursus,4637864283,Camera Stand,0,0
865,feugiat non,7143654086,Laptop,0,0
866,fusce consequat,2646005547,Camera,0,0
867,morbi porttitor,5939285430,Camera Stand,0,0
868,in congue etiam,2921638525,Camera Stand,0,0
869,volutpat eleifend donec,3763477187,Laptop,0,0
870,sapien non mi,9708592439,Camera,0,0
871,sem,6364787983,Camera,0,0
872,augue vestibulum,420786376,Phone Stand,0,0
873,ac est,6265198610,Phone Stand,0,0
874,est,4849592945,Laptop,0,0
875,ut,509511139,Mic,0,0
876,nunc proin,5040014635,Phone Stand,0,0
877,tristique tortor eu,5639868309,Mic,0,0
878,donec pharetra magna,1797740504,Mic,0,0
879,dis parturient,5638080589,Laptop,0,0
880,nonummy integer non,9161339156,Phone Stand,0,0
881,scelerisque mauris,8590239349,Phone Stand,0,0
882,odio,8124564752,Phone Stand,0,0
883,suspendisse accumsan tortor,1083225413,Camera,0,0
884,lacinia,1460919440,Phone Stand,0,0
885,at nunc commodo,4804628193,Laptop,0,0
886,maecenas rhoncus aliquam,9575890418,Camera,0,0
887,leo pellentesque,2403280194,Laptop,0,0
888,mi integer,8258641816,Camera Stand,0,0
889,nibh in,3059610290,Mic,0,0
890,sit amet sem,8911496758,Phone Stand,0,0
891,velit nec nisi,4386117253,Camera Stand,0,0
892,iaculis diam erat,1985360713,Camera,0,0
893,consequat nulla nisl,6912066941,Mic,0,0
894,praesent blandit,1796459984,Laptop,0,0
895,arcu libero rutrum,4784261826,Camera Stand,0,0
896,venenatis non sodales,8218471804,Camera Stand,0,0
897,vel nulla eget,4437211898,Camera,0,0
898,mattis,9966246096,Camera Stand,0,0
899,vulputate nonummy maecenas,8439658257,Camera,0,0
900,vulputate luctus,8653873732,Camera,0,0
901,vel augue vestibulum,6683787948,Camera Stand,0,0
902,pede,4861874580,Camera Stand,0,0
903,viverra eget congue,5939984339,Camera Stand,0,0
904,donec,3206879337,Phone Stand,0,0
905,eu est,8761481645,Mic,0,0
906,vestibulum,7215062058,Phone Stand,0,0
907,nibh ligula,7586596476,Laptop,0,0
908,varius integer,902794507,Laptop,0,0
909,nisi,9336479709,Phone Stand,0,0
910,sit,9507832874,Phone Stand,0,0
911,ultricies,6374738470,Camera Stand,0,0
912,cubilia curae mauris,5715620570,Mic,0,0
913,id ligula suspendisse,6651926063,Camera Stand,0,0
914,et,9520519092,Laptop,0,0
915,in quis justo,4993063938,Laptop,0,0
916,arcu sed,1391101693,Mic,0,0
917,in,5721013389,Camera Stand,0,0
918,leo odio,9975272355,Mic,0,0
919,primis in faucibus,1041581866,Laptop,0,0
920,aliquam,5969591203,Phone Stand,0,0
921,dui maecenas,2345047380,Mic,0,0
922,phasellus sit,9085243408,Phone Stand,0,0
923,sed tristique,1006823859,Laptop,0,0
924,imperdiet et commodo,6388760082,Laptop,0,0
925,turpis,6266426927,Laptop,0,0
926,nibh in,4461372111,Phone Stand,0,0
927,eleifend,8154054647,Laptop,0,0
928,nulla,1887011226,Camera,0,0
929,est,3574858205,Laptop,0,0
930,in lacus curabitur,5484644984,Camera Stand,0,0
931,nibh,7838036054,Camera Stand,0,0
932,pede ac diam,7029784065,Phone Stand,0,0
933,nisl,7378256250,Laptop,0,0
934,quam pede lobortis,5500627341,Camera Stand,0,0
935,eu nibh quisque,7356204975,Mic,0,0
936,orci luctus,5825222634,Mic,0,0
937,arcu,6922793722,Mic,0,0
938,porttitor lorem id,3765407712,Camera,0,0
939,aliquam sit amet,587448237,Phone Stand,0,0
940,nullam orci pede,6322052438,Camera Stand,0,0
941,orci,111013984,Mic,0,0
942,leo,7784844042,Mic,0,0
943,adipiscing,3364791023,Phone Stand,0,0
944,magna ac consequat,998031062,Phone Stand,0,0
945,purus sit amet,7913489553,Camera Stand,0,0
946,neque,9124995924,Mic,0,0
947,nisl nunc,5402650314,Mic,0,0
948,dapibus,1239090986,Camera,0,0
949,felis eu,3236248653,Camera Stand,0,0
950,massa tempor,125613520,Laptop,0,0
951,ligula suspendisse ornare,6849818589,Mic,0,0
952,cum sociis natoque,6821578990,Phone Stand,0,0
953,vulputate luctus cum,709014805,Mic,0,0
954,sed,7440490061,Camera Stand,0,0
955,penatibus et magnis,3084812977,Mic,0,0
956,est lacinia,6980635859,Mic,0,0
957,aliquam augue quam,4721617666,Phone Stand,0,0
958,sollicitudin mi sit,2713285380,Phone Stand,0,0
959,eu,9404332895,Phone Stand,0,0
960,duis ac nibh,8610723054,Mic,0,0
961,augue vestibulum ante,3572560810,Laptop,0,0
962,libero,1209800136,Phone Stand,0,0
963,faucibus cursus,8351388173,Phone Stand,0,0
964,duis bibendum,8404060940,Camera Stand,0,0
965,eget elit sodales,8038349423,Camera Stand,0,0
966,vulputate,740907158,Camera,0,0
967,nunc donec,9456547256,Camera Stand,0,0
968,at,1560075619,Camera,0,0
969,turpis donec,1524337749,Camera,0,0
970,pretium,6092559838,Camera,0,0
971,vulputate justo,9523886711,Laptop,0,0
972,ante ipsum primis,4065423678,Camera,0,0
973,at turpis,4290997759,Laptop,0,0
974,mauris viverra,8363081361,Camera Stand,0,0
975,nullam varius nulla,9298464509,Phone Stand,0,0
976,justo lacinia eget,825519357,Camera,0,0
977,ligula suspendisse,1652328424,Camera Stand,0,0
978,id,4886373577,Laptop,0,0
979,cum sociis,7470159428,Mic,0,0
980,nisl nunc rhoncus,4420096586,Mic,0,0
981,nunc proin,3766488074,Mic,0,0
982,dui maecenas tristique,5326618117,Laptop,0,0
983,luctus tincidunt nulla,1450952577,Camera Stand,0,0
984,justo etiam pretium,2661583289,Phone Stand,0,0
985,semper,7249299670,Phone Stand,0,0
986,vel nulla,1709368500,Laptop,0,0
987,aliquam,875076874,Camera,0,0
988,felis sed,8826297959,Camera,0,0
989,pede malesuada in,4676755279,Camera,0,0
990,nulla,8138657251,Mic,0,0
991,turpis,5970300209,Laptop,0,0
992,natoque,7346283708,Phone Stand,0,0
993,quisque erat eros,265302064,Phone Stand,0,0
994,sodales sed,2012016502,Camera Stand,0,0
995,consequat morbi,8278528187,Phone Stand,0,0
996,fusce posuere,4887639309,Camera,0,0
997,tincidunt eu,5897349746,Mic,0,0
998,nulla,5200051762,Phone Stand,0,0
999,morbi ut,3549299257,Camera Stand,0,0
1000,nec,3912118930,Mic,0,0
