EmployeeID,FirstName,LastName
1,Kirstyn,Sneden
2,Adan,Coughlin
3,Ricca,Hockey
4,Bev,Dunsmuir
5,Tove,Donat
6,Pen,Fussey
7,Inigo,Carruth
8,Barry,Bowles
9,Leontine,Smelley
10,Loella,Delcastel
11,Nickolai,Tiuit
12,Lita,Chesworth
13,Stevana,Knox
14,Kevin,Grzelczyk
15,Karry,McGeachy
16,Beale,Thrustle
17,Cathrine,Freke
18,Ulrika,Golborne
19,Gray,Fidelli
20,Dela,Tumulty
21,Chelsae,De Ferraris
22,Jeremy,Fossey
23,Alford,Polak
24,Leila,Greenlees
25,Jarrod,Parkes
26,Cristobal,Dunbleton
27,Loydie,Hurst
28,Idaline,Lichfield
29,Gorden,Ferne
30,Roberta,Vivyan
31,Westbrook,Garfit
32,Devland,Ginnell
33,Kata,Surmon
34,Buck,Cumesky
35,Esra,Usmar
36,Perkin,Daal
37,Nancee,Copestick
38,Dinnie,Guilbert
39,Tricia,Saulter
40,Oona,Blackster
41,Glenn,Mattea
42,Taryn,Doncaster
43,Filmore,Pendlington
44,Bat,Osselton
45,Izaak,Demcak
46,Ericha,Greenin
47,Hillary,Willerton
48,Dallas,Dreng
49,Jodi,Elcum
50,Kingsley,Maurice
51,Alexandra,Beert
52,Lorain,Zannetti
53,Jacklin,Aird
54,Marcy,Macieiczyk
55,Bone,Hammatt
56,Alissa,Lockyer
57,Cesare,Berriball
58,Osbourne,Mylechreest
59,Bay,Gerrit
60,Farrah,Jerdan
61,Jamima,Ech
62,Rita,MacColgan
63,Winn,Pippin
64,Kamillah,January
65,Diahann,Fawdrie
66,Deeanne,Sillitoe
67,Darrelle,Albers
68,Percival,Cawsy
69,Arturo,Greenall
70,Ray,Nusche
71,Bess,Gillimgham
72,Alverta,Sachno
73,Katherina,Delacote
74,Sibyl,Farrell
75,Beilul,Golt
76,Tam,Itzig
77,Sherie,Vivian
78,Chloe,Grenshields
79,Fernando,Nashe
80,Garrot,Fried
81,Abbey,Sandle
82,Libbey,Norvel
83,Heath,Hinkes
84,Jerome,Paddon
85,Estrellita,Grishaev
86,Dom,Tweedell
87,Gale,Chestnut
88,Bent,Hayman
89,Standford,Ellul
90,Edouard,Flinders
91,Edouard,Reede
92,Dina,Frow
93,Angeli,Nijssen
94,Koo,Hoffmann
95,Reggie,Arnholz
96,Mattheus,Batiste
97,Phillida,Southgate
98,Demetrius,Adrienne
99,Reta,Charlet
100,Annalise,Josefsohn
101,Traci,Heddon
102,Jeramey,Hicken
103,Caro,Kohter
104,Carlita,Redfearn
105,Violante,Carrabott
106,Jordanna,Sapsed
107,Timi,Mardy
108,Gill,Annwyl
109,Raphaela,Magnar
110,Camala,Battell
111,Thornton,Malby
112,Kelsey,Beggin
113,Anetta,Oliffe
114,Ines,Lawes
115,Starr,Ferraraccio
116,Jannel,Ashingden
117,Benedicta,Babber
118,Eudora,Adelberg
119,Stacey,Cloney
120,Bard,Staneland
121,Gayle,Gianulli
122,Art,Longo
123,Tristam,Chastand
124,Albertine,Marchenko
125,Web,Girardy
126,Devland,Manger
127,Michelina,Vuittet
128,Ines,Lawty
129,Jerry,Conws
130,Damiano,Cast
131,Kurtis,Humphris
132,Tova,Le Huquet
133,Cullan,Addeycott
134,Benjie,McCoid
135,Caddric,Harberer
136,Fayina,Duffell
137,Serge,Crispin
138,Michaela,Curnucke
139,April,Feast
140,Ronald,Burnie
141,Erhard,Kupker
142,Hall,Degli Abbati
143,Ed,Chinn
144,Cherianne,Matkovic
145,Bryn,Silverston
146,Magdaia,Dallaway
147,Pepe,Legendre
148,Caitlin,Fox
149,Sandor,Amberson
150,Bunni,Klainer
151,Annalise,Kahen
152,Frazier,Truman
153,Trina,Spinley
154,Rogerio,Barbey
155,Westbrook,Welling
156,Bobinette,Chadbourn
157,Tierney,Exton
158,Tallie,Loseby
159,Kennan,Grant
160,Kissie,Sapson
161,Tamiko,Fussie
162,Lenora,Witterick
163,Tremaine,Rolles
164,Aurel,Vearnals
165,Jenilee,Dunstan
166,Aggi,Moyer
167,Riva,O'Hollegan
168,Jocko,Baress
169,Barby,Sier
170,Yoshiko,Le feaver
171,Jacob,Fardo
172,Julia,Santhouse
173,Adolphe,Clutram
174,Debor,Gallatly
175,Belinda,Petit
176,Hadria,Breakwell
177,Ernesta,Rosenbusch
178,Gregoire,Feavyour
179,Giustina,Lampert
180,Flem,Brian
181,Umeko,Sket
182,Charin,Charlwood
183,Dniren,Bazoche
184,Ella,Vorley
185,Alistair,Pinwill
186,Ekaterina,Parrot
187,Luca,Towsie
188,Lyndsie,Strewthers
189,Georgie,Houselee
190,Carlynne,de la Tremoille
191,Edith,Bittlestone
192,Joellyn,Mc Menamin
193,Friedrick,Poulett
194,Davie,Panchen
195,Chanda,Elkington
196,Algernon,Broadbent
197,Amalia,Slay
198,Jenni,Reagan
199,Carlin,Dunkerton
200,Kassi,Emmerson
