CustomerID,FirstName,LastName
1,Siusan,Mafham
2,Gae,Rowston
3,Irv,Killigrew
4,Jeanelle,Fremantle
5,Charmaine,Acreman
6,Brigid,Chippindall
7,Luisa,Harroway
8,Terrye,Hantusch
9,Melantha,Comettoi
10,Doreen,Lothean
11,Brewer,Prowting
12,Lev,Lupson
13,Adora,Furlong
14,Hardy,Marshalleck
15,Carmen,Pering
16,Taite,Gauvain
17,Pauly,Whiteland
18,Benedicto,Mattusevich
19,Roselia,Bew
20,Ollie,Henningham
21,Sholom,Flindall
22,Gerta,Suthworth
23,Val,Awcoate
24,Delinda,Colwill
25,Bert,Snailham
26,Florie,Leming
27,Rozella,Finey
28,Shirlee,Runnett
29,Salli,Salter
30,Emelyne,Hubeaux
31,Shaw,Buck
32,Birk,Miebes
33,Lynda,Prawle
34,Renard,Beauman
35,Alicea,MacSorley
36,Aridatha,Sekulla
37,Lincoln,Wyche
38,Daryn,Daymont
39,Dido,Caddies
40,Tarra,Aizikowitz
41,Brant,Ainsworth
42,Meggy,Ruppertz
43,Lanna,Rawkesby
44,Ame,Northgraves
45,Isadore,Fossick
46,Thaddeus,Kienzle
47,Corinne,Yoxen
48,Dolph,Appleby
49,Cicily,Drewet
50,Linn,Pally
51,Padgett,Lindeberg
52,Nananne,Temprell
53,Bernita,Sea
54,Tonye,Maskrey
55,Janifer,Simonini
56,Ranee,Moth
57,Silvan,Eitter
58,Homerus,McKane
59,Fowler,Harnor
60,Wileen,Ferber
61,Laetitia,Cahen
62,Odette,Mattussevich
63,Marielle,Nelligan
64,Sigismond,Ziemen
65,Lynnea,MacGarrity
66,Rogers,Freschi
67,Stuart,Vasilchenko
68,Iver,De Beneditti
69,Wilek,Caple
70,Yoko,Rozenbaum
71,Neal,Martygin
72,Filip,Caulier
73,Sheeree,Rowesby
74,Lorette,McLeman
75,Glenden,Boerderman
76,Freeman,Kupka
77,Wanids,McComiskie
78,Josephine,Cund
79,Mildrid,Lynock
80,Mathew,Burberye
81,Sherill,Touret
82,Rosina,Hubber
83,Ignace,Dermott
84,Maje,Dencs
85,Benedikt,Furse
86,Diann,Wilshin
87,Crystie,Brinicombe
88,Lauralee,Scawn
89,Evie,Coite
90,Sofie,Blowfield
91,Burty,Larrett
92,Corrie,Ewer
93,Daryn,Causnett
94,Gweneth,Nobriga
95,Danice,Buessen
96,Lesly,Rimbault
97,Jorge,Caudle
98,Kessia,Sayle
99,Gwennie,Matussow
100,Flossi,Wass
101,Daniela,Bourdel
102,Clemens,Hulett
103,Brnaba,Sprionghall
104,Mandie,De Paoli
105,Chev,Pellitt
106,Luz,Cypler
107,Roxy,Twamley
108,Georgine,Matschoss
109,Estelle,Simper
110,Erek,Dobbings
111,Haley,Simmance
112,Pippy,Minger
113,Zarla,Oughton
114,Beauregard,Ascough
115,Wes,Godfrey
116,Jacquelin,Durham
117,Stacy,Allmen
118,Naoma,Lowton
119,Cortie,Maso
120,Karim,Ferreras
121,Donelle,Goford
122,Rafaellle,McKennan
123,Aviva,Keyme
124,Maxim,Craigg
125,Aida,Abarough
126,Darill,Domeney
127,Meghann,Bolgar
128,Demott,Spritt
129,Linnet,Zum Felde
130,Vere,Eade
131,Madelle,Binham
132,Violante,Sibson
133,Petronilla,Breslauer
134,Spence,Keysel
135,Auguste,Brunotti
136,Linn,Lean
137,Mickey,Sapp
138,Kristin,Higgan
139,Aldo,O'Fallone
140,Tomasine,Plampeyn
141,Moreen,Maciocia
142,Dilly,Gemlett
143,Alano,Dinning
144,Inessa,Nijssen
145,Josie,Kenninghan
146,Collen,Kinkaid
147,Curry,Giercke
148,Cherise,Pallin
149,Natividad,Yarn
150,Rolando,Martland
151,Micheline,Dinsdale
152,Caron,Brownstein
153,Shirleen,Diggins
154,Felicity,Cadge
155,Robbie,Cunnington
156,Goddart,Bartel
157,Kayla,McTavish
158,Dyann,Philipeau
159,Veronike,Lehrmann
160,Alayne,Dutton
161,Bertie,Bodimeade
162,Emalee,Hazeley
163,Robinett,Killick
164,Dalis,Spence
165,Sandie,Pitblado
166,Birk,McKay
167,Tremaine,Lorrimer
168,Titus,Masters
169,Genia,Blanque
170,Weidar,Grayson
171,Cathyleen,Lesaunier
172,Jeff,Faers
173,Charmane,Heinsh
174,Mavra,Yglesia
175,Reinold,Ranklin
176,Huberto,Mighele
177,Tanney,Coopper
178,Gianna,Lawdham
179,Lanny,Adrain
180,Ottilie,Navaro
181,Hadlee,Stuchburie
182,Xylia,Frigot
183,Kylen,Basindale
184,Sollie,Jeves
185,Ronna,Gater
186,Luelle,Giabuzzi
187,Normy,Duggleby
188,Kendre,Riguard
189,Cicely,Cradduck
190,Garrott,Duffell
191,Germayne,Almond
192,Carroll,Tytler
193,Ravid,Milnthorpe
194,Bibby,Norkett
195,Wilhelmine,Lynes
196,Ciel,Fearenside
197,Guillermo,Croughan
198,Othello,Instock
199,Christian,Veasey
200,Sax,Garrettson
